source_id,E_low_MeV,E_high_MeV,placeholder_norm,pstar_norm
pic2d_a0_10_t_1um,0.0,0.1,0.0,0.0
pic2d_a0_10_t_1um,0.1,0.2,0.0,0.0
pic2d_a0_10_t_1um,0.2,0.30000000000000004,0.0,0.0
pic2d_a0_10_t_1um,0.30000000000000004,0.4,0.0,0.0
pic2d_a0_10_t_1um,0.4,0.5,0.0,0.0
pic2d_a0_10_t_1um,0.5,0.6000000000000001,0.0,0.0
pic2d_a0_10_t_1um,0.6000000000000001,0.7000000000000001,0.0,0.0
pic2d_a0_10_t_1um,0.7000000000000001,0.8,0.0,0.0
pic2d_a0_10_t_1um,0.8,0.9,0.0,0.0
pic2d_a0_10_t_1um,0.9,1.0,0.0,0.0
pic2d_a0_10_t_1um,1.0,1.1,0.0,0.0
pic2d_a0_10_t_1um,1.1,1.2000000000000002,0.0,0.0
pic2d_a0_10_t_1um,1.2000000000000002,1.3,0.0,0.0
pic2d_a0_10_t_1um,1.3,1.4000000000000001,0.0,0.0
pic2d_a0_10_t_1um,1.4000000000000001,1.5,0.0,0.0
pic2d_a0_10_t_1um,1.5,1.6,0.0,0.0
pic2d_a0_10_t_1um,1.6,1.7000000000000002,0.004322515979641894,0.003274414207755776
pic2d_a0_10_t_1um,1.7000000000000002,1.8,0.008478984894396246,0.006893316961501377
pic2d_a0_10_t_1um,1.8,1.9000000000000001,0.016116717447313973,0.014271581886971807
pic2d_a0_10_t_1um,1.9000000000000001,2.0,0.046944731885915976,0.04519752588485907
pic2d_a0_10_t_1um,2.0,2.1,0.04457658956654462,0.04536018308017279
pic2d_a0_10_t_1um,2.1,2.2,0.05002740935692696,0.054008447681237894
pic2d_a0_10_t_1um,2.2,2.3000000000000003,0.04759024930915064,0.056496384272577124
pic2d_a0_10_t_1um,2.3000000000000003,2.4000000000000004,0.05494431841130659,0.06000475696569048
pic2d_a0_10_t_1um,2.4000000000000004,2.5,0.05096164338131868,0.06058564783491269
pic2d_a0_10_t_1um,2.5,2.6,0.05436812079574579,0.062245192335149975
pic2d_a0_10_t_1um,2.6,2.7,0.053266470932734844,0.05501572263667944
pic2d_a0_10_t_1um,2.7,2.8000000000000003,0.05203155053295708,0.05706336084358771
pic2d_a0_10_t_1um,2.8000000000000003,2.9000000000000004,0.04780723146711991,0.05261352879135549
pic2d_a0_10_t_1um,2.9000000000000004,3.0,0.051236716923445745,0.05568880404109594
pic2d_a0_10_t_1um,3.0,3.1,0.05322556117302363,0.053060466391260754
pic2d_a0_10_t_1um,3.1,3.2,0.03509164067317681,0.04203351196610658
pic2d_a0_10_t_1um,3.2,3.3000000000000003,0.04509333959677874,0.04068073265007505
pic2d_a0_10_t_1um,3.3000000000000003,3.4000000000000004,0.025307124649092856,0.023888070012660922
pic2d_a0_10_t_1um,3.4000000000000004,3.5,0.022488418160959967,0.020496964833486193
pic2d_a0_10_t_1um,3.5,3.6,0.012973520917136737,0.011898610879672113
pic2d_a0_10_t_1um,3.6,3.7,0.01174067106922368,0.014525648123690515
pic2d_a0_10_t_1um,3.7,3.8000000000000003,0.02008012270080343,0.018921111120333126
pic2d_a0_10_t_1um,3.8000000000000003,3.9000000000000004,0.019428755215282943,0.013186779865187796
pic2d_a0_10_t_1um,3.9000000000000004,4.0,0.013532295218294592,0.009024461415483003
pic2d_a0_10_t_1um,4.0,4.1000000000000005,0.006703426348335971,0.005984944321450436
pic2d_a0_10_t_1um,4.1000000000000005,4.2,0.008101455345752677,0.005979942253293672
pic2d_a0_10_t_1um,4.2,4.3,0.005572360983710338,0.012220582294687192
pic2d_a0_10_t_1um,4.3,4.4,0.018262754973805147,0.007391521245882115
pic2d_a0_10_t_1um,4.4,4.5,0.010894895250901697,0.009229410452655873
pic2d_a0_10_t_1um,4.5,4.6000000000000005,0.00947165630035437,0.008276369154874326
pic2d_a0_10_t_1um,4.6000000000000005,4.7,0.01671495839374726,0.015024383256433486
pic2d_a0_10_t_1um,4.7,4.800000000000001,0.007612513813111442,0.0009045184269928552
pic2d_a0_10_t_1um,4.800000000000001,4.9,0.0016755110791766277,0.0028946107198149482
pic2d_a0_10_t_1um,4.9,5.0,0.0065696652087714425,0.004825770360782818
pic2d_a0_10_t_1um,5.0,5.1000000000000005,0.00950658962444266,0.007878423720845268
pic2d_a0_10_t_1um,5.1000000000000005,5.2,0.0019716862954778118,0.0
pic2d_a0_10_t_1um,5.2,5.300000000000001,0.0029333644006419527,0.009632775694967252
pic2d_a0_10_t_1um,5.300000000000001,5.4,0.01968367958645498,0.008135708832276647
pic2d_a0_10_t_1um,5.4,5.5,0.0,0.0
pic2d_a0_10_t_1um,5.5,5.6000000000000005,0.001424115207765537,0.007950563809589316
pic2d_a0_10_t_1um,5.6000000000000005,5.7,0.011368808771642923,0.001862281467059545
pic2d_a0_10_t_1um,5.7,5.800000000000001,0.0028469558867456387,0.002202532861288979
pic2d_a0_10_t_1um,5.800000000000001,5.9,0.0,0.0038317877823927982
pic2d_a0_10_t_1um,5.9,6.0,0.006752221649852207,0.004180920207128807
pic2d_a0_10_t_1um,6.0,6.1000000000000005,0.0035539192065212927,0.0
pic2d_a0_10_t_1um,6.1000000000000005,6.2,0.0,0.0
pic2d_a0_10_t_1um,6.2,6.300000000000001,0.0017609444989170418,0.0014043638367887375
pic2d_a0_10_t_1um,6.300000000000001,6.4,0.0,0.0
pic2d_a0_10_t_1um,6.4,6.5,0.0,0.0
pic2d_a0_10_t_1um,6.5,6.6000000000000005,0.0,0.0
pic2d_a0_10_t_1um,6.6000000000000005,6.7,0.0,0.0
pic2d_a0_10_t_1um,6.7,6.800000000000001,0.0,0.0
pic2d_a0_10_t_1um,6.800000000000001,6.9,0.0,0.0
pic2d_a0_10_t_1um,6.9,7.0,0.0,0.0
pic2d_a0_10_t_1um,7.0,7.1000000000000005,0.0,0.0
pic2d_a0_10_t_1um,7.1000000000000005,7.2,0.0,0.0
pic2d_a0_10_t_1um,7.2,7.300000000000001,0.0,0.0
pic2d_a0_10_t_1um,7.300000000000001,7.4,0.0,0.0037533646192903806
pic2d_a0_10_t_1um,7.4,7.5,0.004983816915580666,0.0
pic2d_a0_10_t_1um,7.5,7.6000000000000005,0.0,0.0
pic2d_a0_10_t_1um,7.6000000000000005,7.7,0.0,0.0
pic2d_a0_10_t_1um,7.7,7.800000000000001,0.0,0.0
pic2d_a0_10_t_1um,7.800000000000001,7.9,0.0,0.0
pic2d_a0_10_t_1um,7.9,8.0,0.0,0.0
pic2d_a0_10_t_1um,8.0,8.1,0.0,0.0
pic2d_a0_10_t_1um,8.1,8.200000000000001,0.0,0.0
pic2d_a0_10_t_1um,8.200000000000001,8.3,0.0,0.0
pic2d_a0_10_t_1um,8.3,8.4,0.0,0.0
pic2d_a0_10_t_1um,8.4,8.5,0.0,0.0
pic2d_a0_10_t_1um,8.5,8.6,0.0,0.0
pic2d_a0_10_t_1um,8.6,8.700000000000001,0.0,0.0
pic2d_a0_10_t_1um,8.700000000000001,8.8,0.0,0.0
pic2d_a0_10_t_1um,8.8,8.9,0.0,0.0
pic2d_a0_10_t_1um,8.9,9.0,0.0,0.0
pic2d_a0_10_t_1um,9.0,9.1,0.0,0.0
pic2d_a0_10_t_1um,9.1,9.200000000000001,0.0,0.0
pic2d_a0_10_t_1um,9.200000000000001,9.3,0.0,0.0
pic2d_a0_10_t_1um,9.3,9.4,0.0,0.0
pic2d_a0_10_t_1um,9.4,9.5,0.0,0.0
pic2d_a0_10_t_1um,9.5,9.600000000000001,0.0,0.0
pic2d_a0_10_t_1um,9.600000000000001,9.700000000000001,0.0,0.0
pic2d_a0_10_t_1um,9.700000000000001,9.8,0.0,0.0
pic2d_a0_10_t_1um,9.8,9.9,0.0,0.0
pic2d_a0_10_t_1um,9.9,10.0,0.0,0.0
pic2d_a0_10_t_1um,10.0,10.100000000000001,0.0,0.0
pic2d_a0_10_t_1um,10.100000000000001,10.200000000000001,0.0,0.0
pic2d_a0_10_t_1um,10.200000000000001,10.3,0.0,0.0
pic2d_a0_10_t_1um,10.3,10.4,0.0,0.0
pic2d_a0_10_t_1um,10.4,10.5,0.0,0.0
pic2d_a0_10_t_1um,10.5,10.600000000000001,0.0,0.0
pic2d_a0_10_t_1um,10.600000000000001,10.700000000000001,0.0,0.0
pic2d_a0_10_t_1um,10.700000000000001,10.8,0.0,0.0
pic2d_a0_10_t_1um,10.8,10.9,0.0,0.0
pic2d_a0_10_t_1um,10.9,11.0,0.0,0.0
pic2d_a0_10_t_1um,11.0,11.100000000000001,0.0,0.0
pic2d_a0_10_t_1um,11.100000000000001,11.200000000000001,0.0,0.0
pic2d_a0_10_t_1um,11.200000000000001,11.3,0.0,0.0
pic2d_a0_10_t_1um,11.3,11.4,0.0,0.0
pic2d_a0_10_t_1um,11.4,11.5,0.0,0.0
pic2d_a0_10_t_1um,11.5,11.600000000000001,0.0,0.0
pic2d_a0_10_t_1um,11.600000000000001,11.700000000000001,0.0,0.0
pic2d_a0_10_t_1um,11.700000000000001,11.8,0.0,0.0
pic2d_a0_10_t_1um,11.8,11.9,0.0,0.0
pic2d_a0_10_t_1um,11.9,12.0,0.0,0.0
pic2d_a0_10_t_2um,0.0,0.1,0.0,0.0
pic2d_a0_10_t_2um,0.1,0.2,0.0,0.0
pic2d_a0_10_t_2um,0.2,0.30000000000000004,0.0,0.0
pic2d_a0_10_t_2um,0.30000000000000004,0.4,0.0,0.0
pic2d_a0_10_t_2um,0.4,0.5,0.0,0.0
pic2d_a0_10_t_2um,0.5,0.6000000000000001,0.0,0.0
pic2d_a0_10_t_2um,0.6000000000000001,0.7000000000000001,0.0,0.0
pic2d_a0_10_t_2um,0.7000000000000001,0.8,0.0,0.0
pic2d_a0_10_t_2um,0.8,0.9,0.0,0.0
pic2d_a0_10_t_2um,0.9,1.0,0.0,0.0
pic2d_a0_10_t_2um,1.0,1.1,0.0,0.0
pic2d_a0_10_t_2um,1.1,1.2000000000000002,0.0,0.0
pic2d_a0_10_t_2um,1.2000000000000002,1.3,0.0,0.0
pic2d_a0_10_t_2um,1.3,1.4000000000000001,0.0,0.0
pic2d_a0_10_t_2um,1.4000000000000001,1.5,0.0,0.0
pic2d_a0_10_t_2um,1.5,1.6,0.0,0.0
pic2d_a0_10_t_2um,1.6,1.7000000000000002,0.0,0.0
pic2d_a0_10_t_2um,1.7000000000000002,1.8,0.0011697148058848563,0.0005278036007766249
pic2d_a0_10_t_2um,1.8,1.9000000000000001,0.010407408959438773,0.00891660127517304
pic2d_a0_10_t_2um,1.9000000000000001,2.0,0.04165857979570506,0.03769282066282458
pic2d_a0_10_t_2um,2.0,2.1,0.06165940076081383,0.060925066662088134
pic2d_a0_10_t_2um,2.1,2.2,0.06847115364649678,0.0699544229042194
pic2d_a0_10_t_2um,2.2,2.3000000000000003,0.07047170851707499,0.07532825555287224
pic2d_a0_10_t_2um,2.3000000000000003,2.4000000000000004,0.0686467743104289,0.0727426169634586
pic2d_a0_10_t_2um,2.4000000000000004,2.5,0.06959677787628242,0.07378945907531993
pic2d_a0_10_t_2um,2.5,2.6,0.0691413801644234,0.07405906218626772
pic2d_a0_10_t_2um,2.6,2.7,0.06939338029973828,0.07320859991315673
pic2d_a0_10_t_2um,2.7,2.8000000000000003,0.06760915869024409,0.07283725928261407
pic2d_a0_10_t_2um,2.8000000000000003,2.9000000000000004,0.06916761817880522,0.07074078347924577
pic2d_a0_10_t_2um,2.9000000000000004,3.0,0.0662911921838547,0.06685298172812038
pic2d_a0_10_t_2um,3.0,3.1,0.06247480556685833,0.06107193100344736
pic2d_a0_10_t_2um,3.1,3.2,0.05421055689420036,0.051848769415720974
pic2d_a0_10_t_2um,3.2,3.3000000000000003,0.04770486541108397,0.04342495417265003
pic2d_a0_10_t_2um,3.3000000000000003,3.4000000000000004,0.03624019890913399,0.032417433103683196
pic2d_a0_10_t_2um,3.4000000000000004,3.5,0.02662685326530104,0.02230142781640517
pic2d_a0_10_t_2um,3.5,3.6,0.014875057000716145,0.013325019730451011
pic2d_a0_10_t_2um,3.6,3.7,0.010087145417873117,0.007392459973253668
pic2d_a0_10_t_2um,3.7,3.8000000000000003,0.005289249079086613,0.0038794292571670387
pic2d_a0_10_t_2um,3.8000000000000003,3.9000000000000004,0.0020828294811186354,0.0022122994014045
pic2d_a0_10_t_2um,3.9000000000000004,4.0,0.002105527323697058,0.0014275908968592308
pic2d_a0_10_t_2um,4.0,4.1000000000000005,0.0007792103519681665,0.00046802236639960137
pic2d_a0_10_t_2um,4.1000000000000005,4.2,0.0007906330178399901,0.0005731642977274345
pic2d_a0_10_t_2um,4.2,4.3,0.00016115617726171345,0.0
pic2d_a0_10_t_2um,4.3,4.4,0.0,0.00012460517467471045
pic2d_a0_10_t_2um,4.4,4.5,0.0007469004946179183,0.0005338689880491998
pic2d_a0_10_t_2um,4.5,4.6000000000000005,0.00015155983184171067,0.0
pic2d_a0_10_t_2um,4.6000000000000005,4.7,0.00010608953995119472,8.347507264606848e-05
pic2d_a0_10_t_2um,4.7,4.800000000000001,0.00030744054823317655,0.00023393014403101208
pic2d_a0_10_t_2um,4.800000000000001,4.9,0.0,0.0
pic2d_a0_10_t_2um,4.9,5.0,0.0006066377141242495,0.00043442042227346444
pic2d_a0_10_t_2um,5.0,5.1000000000000005,0.0,0.0
pic2d_a0_10_t_2um,5.1000000000000005,5.2,0.0,0.0
pic2d_a0_10_t_2um,5.2,5.300000000000001,0.0,0.0
pic2d_a0_10_t_2um,5.300000000000001,5.4,0.0005527050200188786,0.0006714654770170516
pic2d_a0_10_t_2um,5.4,5.5,0.0004163307658845852,0.0
pic2d_a0_10_t_2um,5.5,5.6000000000000005,0.0,0.0
pic2d_a0_10_t_2um,5.6000000000000005,5.7,0.0,0.0
pic2d_a0_10_t_2um,5.7,5.800000000000001,0.0,0.0
pic2d_a0_10_t_2um,5.800000000000001,5.9,0.0,0.0
pic2d_a0_10_t_2um,5.9,6.0,0.0,0.0
pic2d_a0_10_t_2um,6.0,6.1000000000000005,0.0,0.0
pic2d_a0_10_t_2um,6.1000000000000005,6.2,0.0,0.0
pic2d_a0_10_t_2um,6.2,6.300000000000001,0.0,0.0
pic2d_a0_10_t_2um,6.300000000000001,6.4,0.0,0.0
pic2d_a0_10_t_2um,6.4,6.5,0.0,0.0
pic2d_a0_10_t_2um,6.5,6.6000000000000005,0.0,0.0
pic2d_a0_10_t_2um,6.6000000000000005,6.7,0.0,0.0
pic2d_a0_10_t_2um,6.7,6.800000000000001,0.0,0.0
pic2d_a0_10_t_2um,6.800000000000001,6.9,0.0,0.0
pic2d_a0_10_t_2um,6.9,7.0,0.0,0.0
pic2d_a0_10_t_2um,7.0,7.1000000000000005,0.0,0.0
pic2d_a0_10_t_2um,7.1000000000000005,7.2,0.0,0.0
pic2d_a0_10_t_2um,7.2,7.300000000000001,0.0,0.0
pic2d_a0_10_t_2um,7.300000000000001,7.4,0.0,0.0
pic2d_a0_10_t_2um,7.4,7.5,0.0,0.0
pic2d_a0_10_t_2um,7.5,7.6000000000000005,0.0,0.0
pic2d_a0_10_t_2um,7.6000000000000005,7.7,0.0,0.0
pic2d_a0_10_t_2um,7.7,7.800000000000001,0.0,0.0
pic2d_a0_10_t_2um,7.800000000000001,7.9,0.0,0.0
pic2d_a0_10_t_2um,7.9,8.0,0.0,0.0
pic2d_a0_10_t_2um,8.0,8.1,0.0,0.0
pic2d_a0_10_t_2um,8.1,8.200000000000001,0.0,0.0
pic2d_a0_10_t_2um,8.200000000000001,8.3,0.0,0.0
pic2d_a0_10_t_2um,8.3,8.4,0.0,0.0
pic2d_a0_10_t_2um,8.4,8.5,0.0,0.0
pic2d_a0_10_t_2um,8.5,8.6,0.0,0.0
pic2d_a0_10_t_2um,8.6,8.700000000000001,0.0,0.0
pic2d_a0_10_t_2um,8.700000000000001,8.8,0.0,0.0
pic2d_a0_10_t_2um,8.8,8.9,0.0,0.0
pic2d_a0_10_t_2um,8.9,9.0,0.0,0.0
pic2d_a0_10_t_2um,9.0,9.1,0.0,0.0
pic2d_a0_10_t_2um,9.1,9.200000000000001,0.0,0.0
pic2d_a0_10_t_2um,9.200000000000001,9.3,0.0,0.0
pic2d_a0_10_t_2um,9.3,9.4,0.0,0.0
pic2d_a0_10_t_2um,9.4,9.5,0.0,0.0
pic2d_a0_10_t_2um,9.5,9.600000000000001,0.0,0.0
pic2d_a0_10_t_2um,9.600000000000001,9.700000000000001,0.0,0.0
pic2d_a0_10_t_2um,9.700000000000001,9.8,0.0,0.0
pic2d_a0_10_t_2um,9.8,9.9,0.0,0.0
pic2d_a0_10_t_2um,9.9,10.0,0.0,0.0
pic2d_a0_10_t_2um,10.0,10.100000000000001,0.0,0.0
pic2d_a0_10_t_2um,10.100000000000001,10.200000000000001,0.0,0.0
pic2d_a0_10_t_2um,10.200000000000001,10.3,0.0,0.0
pic2d_a0_10_t_2um,10.3,10.4,0.0,0.0
pic2d_a0_10_t_2um,10.4,10.5,0.0,0.0
pic2d_a0_10_t_2um,10.5,10.600000000000001,0.0,0.0
pic2d_a0_10_t_2um,10.600000000000001,10.700000000000001,0.0,0.0
pic2d_a0_10_t_2um,10.700000000000001,10.8,0.0,0.0
pic2d_a0_10_t_2um,10.8,10.9,0.0,0.0
pic2d_a0_10_t_2um,10.9,11.0,0.0,0.0
pic2d_a0_10_t_2um,11.0,11.100000000000001,0.0,0.0
pic2d_a0_10_t_2um,11.100000000000001,11.200000000000001,0.0,0.0
pic2d_a0_10_t_2um,11.200000000000001,11.3,0.0,0.0
pic2d_a0_10_t_2um,11.3,11.4,0.0,0.0
pic2d_a0_10_t_2um,11.4,11.5,0.0,0.0
pic2d_a0_10_t_2um,11.5,11.600000000000001,0.0,0.0
pic2d_a0_10_t_2um,11.600000000000001,11.700000000000001,0.0,0.0
pic2d_a0_10_t_2um,11.700000000000001,11.8,0.0,0.0
pic2d_a0_10_t_2um,11.8,11.9,0.0,0.0
pic2d_a0_10_t_2um,11.9,12.0,0.0,0.0
pic2d_a0_05_t_3um,0.0,0.1,0.0,0.0
pic2d_a0_05_t_3um,0.1,0.2,0.0,0.0
pic2d_a0_05_t_3um,0.2,0.30000000000000004,0.0,0.0
pic2d_a0_05_t_3um,0.30000000000000004,0.4,0.0,0.0
pic2d_a0_05_t_3um,0.4,0.5,0.0,0.0
pic2d_a0_05_t_3um,0.5,0.6000000000000001,0.0,0.0
pic2d_a0_05_t_3um,0.6000000000000001,0.7000000000000001,0.0,0.0
pic2d_a0_05_t_3um,0.7000000000000001,0.8,0.0,0.0
pic2d_a0_05_t_3um,0.8,0.9,0.0,0.0
pic2d_a0_05_t_3um,0.9,1.0,0.0,0.0
pic2d_a0_05_t_3um,1.0,1.1,0.0,0.0
pic2d_a0_05_t_3um,1.1,1.2000000000000002,0.0,0.0
pic2d_a0_05_t_3um,1.2000000000000002,1.3,0.0,0.0
pic2d_a0_05_t_3um,1.3,1.4000000000000001,0.0,0.0
pic2d_a0_05_t_3um,1.4000000000000001,1.5,0.0,0.0
pic2d_a0_05_t_3um,1.5,1.6,0.0,0.0
pic2d_a0_05_t_3um,1.6,1.7000000000000002,3.228700832905008e-05,2.6482422428124366e-05
pic2d_a0_05_t_3um,1.7000000000000002,1.8,0.002847858478125724,0.0023667207061859705
pic2d_a0_05_t_3um,1.8,1.9000000000000001,0.021241119337808582,0.01862451939691194
pic2d_a0_05_t_3um,1.9000000000000001,2.0,0.0448917857145674,0.04236527029684166
pic2d_a0_05_t_3um,2.0,2.1,0.056184929601604996,0.05621492857726367
pic2d_a0_05_t_3um,2.1,2.2,0.06084915776537818,0.0629838926417918
pic2d_a0_05_t_3um,2.2,2.3000000000000003,0.0613911476951301,0.06499136546079974
pic2d_a0_05_t_3um,2.3000000000000003,2.4000000000000004,0.06029283179683709,0.06423041903774585
pic2d_a0_05_t_3um,2.4000000000000004,2.5,0.0605615829279052,0.06449082351235426
pic2d_a0_05_t_3um,2.5,2.6,0.06036306208075065,0.06426640622411599
pic2d_a0_05_t_3um,2.6,2.7,0.06023428290165283,0.06398951916310161
pic2d_a0_05_t_3um,2.7,2.8000000000000003,0.06092618713557928,0.06416321881005524
pic2d_a0_05_t_3um,2.8000000000000003,2.9000000000000004,0.06004780453499087,0.06253445806467844
pic2d_a0_05_t_3um,2.9000000000000004,3.0,0.05875149057690828,0.06002321489592076
pic2d_a0_05_t_3um,3.0,3.1,0.05688106654964302,0.05675475404780108
pic2d_a0_05_t_3um,3.1,3.2,0.053503337611564734,0.05196249093087223
pic2d_a0_05_t_3um,3.2,3.3000000000000003,0.049109593910530824,0.04666944570088977
pic2d_a0_05_t_3um,3.3000000000000003,3.4000000000000004,0.042257818497020705,0.03947984649631873
pic2d_a0_05_t_3um,3.4000000000000004,3.5,0.03495747092310405,0.0314703858385545
pic2d_a0_05_t_3um,3.5,3.6,0.028164096615902898,0.025426897606704624
pic2d_a0_05_t_3um,3.6,3.7,0.022357435654410528,0.01979053921575861
pic2d_a0_05_t_3um,3.7,3.8000000000000003,0.015803752391042862,0.013478545203339206
pic2d_a0_05_t_3um,3.8000000000000003,3.9000000000000004,0.010895214840792306,0.009163797165300044
pic2d_a0_05_t_3um,3.9000000000000004,4.0,0.007463958332932304,0.006366210773424815
pic2d_a0_05_t_3um,4.0,4.1000000000000005,0.004420558955108222,0.0037200585775671413
pic2d_a0_05_t_3um,4.1000000000000005,4.2,0.0025740313874475216,0.0019806582348920044
pic2d_a0_05_t_3um,4.2,4.3,0.0016194607746800938,0.0014044449982135632
pic2d_a0_05_t_3um,4.3,4.4,0.0006910772677826598,0.000543442048261557
pic2d_a0_05_t_3um,4.4,4.5,0.0003556920319246411,0.0002377434968601502
pic2d_a0_05_t_3um,4.5,4.6000000000000005,0.0002060518452577183,0.000175606709668578
pic2d_a0_05_t_3um,4.6000000000000005,4.7,0.0,0.0
pic2d_a0_05_t_3um,4.7,4.800000000000001,9.725939735970944e-05,8.171256182580064e-05
pic2d_a0_05_t_3um,4.800000000000001,4.9,2.6595457926079822e-05,2.218118354898144e-05
pic2d_a0_05_t_3um,4.9,5.0,0.0,0.0
pic2d_a0_05_t_3um,5.0,5.1000000000000005,0.0,0.0
pic2d_a0_05_t_3um,5.1000000000000005,5.2,0.0,0.0
pic2d_a0_05_t_3um,5.2,5.300000000000001,0.0,0.0
pic2d_a0_05_t_3um,5.300000000000001,5.4,0.0,0.0
pic2d_a0_05_t_3um,5.4,5.5,0.0,0.0
pic2d_a0_05_t_3um,5.5,5.6000000000000005,0.0,0.0
pic2d_a0_05_t_3um,5.6000000000000005,5.7,0.0,0.0
pic2d_a0_05_t_3um,5.7,5.800000000000001,0.0,0.0
pic2d_a0_05_t_3um,5.800000000000001,5.9,0.0,0.0
pic2d_a0_05_t_3um,5.9,6.0,0.0,0.0
pic2d_a0_05_t_3um,6.0,6.1000000000000005,0.0,0.0
pic2d_a0_05_t_3um,6.1000000000000005,6.2,0.0,0.0
pic2d_a0_05_t_3um,6.2,6.300000000000001,0.0,0.0
pic2d_a0_05_t_3um,6.300000000000001,6.4,0.0,0.0
pic2d_a0_05_t_3um,6.4,6.5,0.0,0.0
pic2d_a0_05_t_3um,6.5,6.6000000000000005,0.0,0.0
pic2d_a0_05_t_3um,6.6000000000000005,6.7,0.0,0.0
pic2d_a0_05_t_3um,6.7,6.800000000000001,0.0,0.0
pic2d_a0_05_t_3um,6.800000000000001,6.9,0.0,0.0
pic2d_a0_05_t_3um,6.9,7.0,0.0,0.0
pic2d_a0_05_t_3um,7.0,7.1000000000000005,0.0,0.0
pic2d_a0_05_t_3um,7.1000000000000005,7.2,0.0,0.0
pic2d_a0_05_t_3um,7.2,7.300000000000001,0.0,0.0
pic2d_a0_05_t_3um,7.300000000000001,7.4,0.0,0.0
pic2d_a0_05_t_3um,7.4,7.5,0.0,0.0
pic2d_a0_05_t_3um,7.5,7.6000000000000005,0.0,0.0
pic2d_a0_05_t_3um,7.6000000000000005,7.7,0.0,0.0
pic2d_a0_05_t_3um,7.7,7.800000000000001,0.0,0.0
pic2d_a0_05_t_3um,7.800000000000001,7.9,0.0,0.0
pic2d_a0_05_t_3um,7.9,8.0,0.0,0.0
pic2d_a0_05_t_3um,8.0,8.1,0.0,0.0
pic2d_a0_05_t_3um,8.1,8.200000000000001,0.0,0.0
pic2d_a0_05_t_3um,8.200000000000001,8.3,0.0,0.0
pic2d_a0_05_t_3um,8.3,8.4,0.0,0.0
pic2d_a0_05_t_3um,8.4,8.5,0.0,0.0
pic2d_a0_05_t_3um,8.5,8.6,0.0,0.0
pic2d_a0_05_t_3um,8.6,8.700000000000001,0.0,0.0
pic2d_a0_05_t_3um,8.700000000000001,8.8,0.0,0.0
pic2d_a0_05_t_3um,8.8,8.9,0.0,0.0
pic2d_a0_05_t_3um,8.9,9.0,0.0,0.0
pic2d_a0_05_t_3um,9.0,9.1,0.0,0.0
pic2d_a0_05_t_3um,9.1,9.200000000000001,0.0,0.0
pic2d_a0_05_t_3um,9.200000000000001,9.3,0.0,0.0
pic2d_a0_05_t_3um,9.3,9.4,0.0,0.0
pic2d_a0_05_t_3um,9.4,9.5,0.0,0.0
pic2d_a0_05_t_3um,9.5,9.600000000000001,0.0,0.0
pic2d_a0_05_t_3um,9.600000000000001,9.700000000000001,0.0,0.0
pic2d_a0_05_t_3um,9.700000000000001,9.8,0.0,0.0
pic2d_a0_05_t_3um,9.8,9.9,0.0,0.0
pic2d_a0_05_t_3um,9.9,10.0,0.0,0.0
pic2d_a0_05_t_3um,10.0,10.100000000000001,0.0,0.0
pic2d_a0_05_t_3um,10.100000000000001,10.200000000000001,0.0,0.0
pic2d_a0_05_t_3um,10.200000000000001,10.3,0.0,0.0
pic2d_a0_05_t_3um,10.3,10.4,0.0,0.0
pic2d_a0_05_t_3um,10.4,10.5,0.0,0.0
pic2d_a0_05_t_3um,10.5,10.600000000000001,0.0,0.0
pic2d_a0_05_t_3um,10.600000000000001,10.700000000000001,0.0,0.0
pic2d_a0_05_t_3um,10.700000000000001,10.8,0.0,0.0
pic2d_a0_05_t_3um,10.8,10.9,0.0,0.0
pic2d_a0_05_t_3um,10.9,11.0,0.0,0.0
pic2d_a0_05_t_3um,11.0,11.100000000000001,0.0,0.0
pic2d_a0_05_t_3um,11.100000000000001,11.200000000000001,0.0,0.0
pic2d_a0_05_t_3um,11.200000000000001,11.3,0.0,0.0
pic2d_a0_05_t_3um,11.3,11.4,0.0,0.0
pic2d_a0_05_t_3um,11.4,11.5,0.0,0.0
pic2d_a0_05_t_3um,11.5,11.600000000000001,0.0,0.0
pic2d_a0_05_t_3um,11.600000000000001,11.700000000000001,0.0,0.0
pic2d_a0_05_t_3um,11.700000000000001,11.8,0.0,0.0
pic2d_a0_05_t_3um,11.8,11.9,0.0,0.0
pic2d_a0_05_t_3um,11.9,12.0,0.0,0.0
pic2d_a0_10_t_3um,0.0,0.1,0.0,0.0
pic2d_a0_10_t_3um,0.1,0.2,0.0,0.0
pic2d_a0_10_t_3um,0.2,0.30000000000000004,0.0,0.0
pic2d_a0_10_t_3um,0.30000000000000004,0.4,0.0,0.0
pic2d_a0_10_t_3um,0.4,0.5,0.0,0.0
pic2d_a0_10_t_3um,0.5,0.6000000000000001,0.0,0.0
pic2d_a0_10_t_3um,0.6000000000000001,0.7000000000000001,0.0,0.0
pic2d_a0_10_t_3um,0.7000000000000001,0.8,0.0,0.0
pic2d_a0_10_t_3um,0.8,0.9,0.0,0.0
pic2d_a0_10_t_3um,0.9,1.0,0.0,0.0
pic2d_a0_10_t_3um,1.0,1.1,0.0,0.0
pic2d_a0_10_t_3um,1.1,1.2000000000000002,0.0,0.0
pic2d_a0_10_t_3um,1.2000000000000002,1.3,0.0,0.0
pic2d_a0_10_t_3um,1.3,1.4000000000000001,0.0,0.0
pic2d_a0_10_t_3um,1.4000000000000001,1.5,0.0,0.0
pic2d_a0_10_t_3um,1.5,1.6,0.0,0.0
pic2d_a0_10_t_3um,1.6,1.7000000000000002,0.0,0.0
pic2d_a0_10_t_3um,1.7000000000000002,1.8,0.003346942675132054,0.0028152891306073347
pic2d_a0_10_t_3um,1.8,1.9000000000000001,0.021893148296796474,0.01940757127061911
pic2d_a0_10_t_3um,1.9000000000000001,2.0,0.04532841027507088,0.04258633775434813
pic2d_a0_10_t_3um,2.0,2.1,0.056179740152544275,0.05620579224080026
pic2d_a0_10_t_3um,2.1,2.2,0.059070507091684384,0.06155899062051249
pic2d_a0_10_t_3um,2.2,2.3000000000000003,0.05939613743030847,0.06307832016051992
pic2d_a0_10_t_3um,2.3000000000000003,2.4000000000000004,0.060609605725575326,0.06465334079711661
pic2d_a0_10_t_3um,2.4000000000000004,2.5,0.060531198870975106,0.06404250831318609
pic2d_a0_10_t_3um,2.5,2.6,0.05885034731953611,0.06264258051335989
pic2d_a0_10_t_3um,2.6,2.7,0.05988760991566654,0.06389534676519196
pic2d_a0_10_t_3um,2.7,2.8000000000000003,0.060444911647225104,0.06379468615173187
pic2d_a0_10_t_3um,2.8000000000000003,2.9000000000000004,0.06009465276189548,0.06259840874917891
pic2d_a0_10_t_3um,2.9000000000000004,3.0,0.05792738351281032,0.05884835291647304
pic2d_a0_10_t_3um,3.0,3.1,0.05646562706612934,0.05635590721245513
pic2d_a0_10_t_3um,3.1,3.2,0.05384385865419438,0.05285679041041252
pic2d_a0_10_t_3um,3.2,3.3000000000000003,0.04855731973509358,0.04655998901819852
pic2d_a0_10_t_3um,3.3000000000000003,3.4000000000000004,0.043015792781050444,0.03991271827889826
pic2d_a0_10_t_3um,3.4000000000000004,3.5,0.035167831850892825,0.03222659872089355
pic2d_a0_10_t_3um,3.5,3.6,0.029208313441958934,0.025432563149041278
pic2d_a0_10_t_3um,3.6,3.7,0.021701363949560775,0.019226698685578077
pic2d_a0_10_t_3um,3.7,3.8000000000000003,0.016028816784194704,0.014164157267881143
pic2d_a0_10_t_3um,3.8000000000000003,3.9000000000000004,0.012201250362884058,0.010346653854082882
pic2d_a0_10_t_3um,3.9000000000000004,4.0,0.008049813706807357,0.006656137038570876
pic2d_a0_10_t_3um,4.0,4.1000000000000005,0.005308408132917331,0.004585478750165517
pic2d_a0_10_t_3um,4.1000000000000005,4.2,0.0030183732410939794,0.0024373929853132676
pic2d_a0_10_t_3um,4.2,4.3,0.0020013280178720646,0.0016001258490156672
pic2d_a0_10_t_3um,4.3,4.4,0.0009814207772523439,0.0007758612951240843
pic2d_a0_10_t_3um,4.4,4.5,0.0004560925956426542,0.00039799564261970913
pic2d_a0_10_t_3um,4.5,4.6000000000000005,0.00022183990023720893,0.00015770884870246454
pic2d_a0_10_t_3um,4.6000000000000005,4.7,0.00013192242000304406,0.00011313866820501848
pic2d_a0_10_t_3um,4.7,4.800000000000001,2.2057268780971068e-05,1.8659990943889078e-05
pic2d_a0_10_t_3um,4.800000000000001,4.9,2.8424938863653696e-05,2.3525048424380844e-05
pic2d_a0_10_t_3um,4.9,5.0,0.0,0.0
pic2d_a0_10_t_3um,5.0,5.1000000000000005,2.9548699349832516e-05,2.4373901828308393e-05
pic2d_a0_10_t_3um,5.1000000000000005,5.2,0.0,0.0
pic2d_a0_10_t_3um,5.2,5.300000000000001,0.0,0.0
pic2d_a0_10_t_3um,5.300000000000001,5.4,0.0,0.0
pic2d_a0_10_t_3um,5.4,5.5,0.0,0.0
pic2d_a0_10_t_3um,5.5,5.6000000000000005,0.0,0.0
pic2d_a0_10_t_3um,5.6000000000000005,5.7,0.0,0.0
pic2d_a0_10_t_3um,5.7,5.800000000000001,0.0,0.0
pic2d_a0_10_t_3um,5.800000000000001,5.9,0.0,0.0
pic2d_a0_10_t_3um,5.9,6.0,0.0,0.0
pic2d_a0_10_t_3um,6.0,6.1000000000000005,0.0,0.0
pic2d_a0_10_t_3um,6.1000000000000005,6.2,0.0,0.0
pic2d_a0_10_t_3um,6.2,6.300000000000001,0.0,0.0
pic2d_a0_10_t_3um,6.300000000000001,6.4,0.0,0.0
pic2d_a0_10_t_3um,6.4,6.5,0.0,0.0
pic2d_a0_10_t_3um,6.5,6.6000000000000005,0.0,0.0
pic2d_a0_10_t_3um,6.6000000000000005,6.7,0.0,0.0
pic2d_a0_10_t_3um,6.7,6.800000000000001,0.0,0.0
pic2d_a0_10_t_3um,6.800000000000001,6.9,0.0,0.0
pic2d_a0_10_t_3um,6.9,7.0,0.0,0.0
pic2d_a0_10_t_3um,7.0,7.1000000000000005,0.0,0.0
pic2d_a0_10_t_3um,7.1000000000000005,7.2,0.0,0.0
pic2d_a0_10_t_3um,7.2,7.300000000000001,0.0,0.0
pic2d_a0_10_t_3um,7.300000000000001,7.4,0.0,0.0
pic2d_a0_10_t_3um,7.4,7.5,0.0,0.0
pic2d_a0_10_t_3um,7.5,7.6000000000000005,0.0,0.0
pic2d_a0_10_t_3um,7.6000000000000005,7.7,0.0,0.0
pic2d_a0_10_t_3um,7.7,7.800000000000001,0.0,0.0
pic2d_a0_10_t_3um,7.800000000000001,7.9,0.0,0.0
pic2d_a0_10_t_3um,7.9,8.0,0.0,0.0
pic2d_a0_10_t_3um,8.0,8.1,0.0,0.0
pic2d_a0_10_t_3um,8.1,8.200000000000001,0.0,0.0
pic2d_a0_10_t_3um,8.200000000000001,8.3,0.0,0.0
pic2d_a0_10_t_3um,8.3,8.4,0.0,0.0
pic2d_a0_10_t_3um,8.4,8.5,0.0,0.0
pic2d_a0_10_t_3um,8.5,8.6,0.0,0.0
pic2d_a0_10_t_3um,8.6,8.700000000000001,0.0,0.0
pic2d_a0_10_t_3um,8.700000000000001,8.8,0.0,0.0
pic2d_a0_10_t_3um,8.8,8.9,0.0,0.0
pic2d_a0_10_t_3um,8.9,9.0,0.0,0.0
pic2d_a0_10_t_3um,9.0,9.1,0.0,0.0
pic2d_a0_10_t_3um,9.1,9.200000000000001,0.0,0.0
pic2d_a0_10_t_3um,9.200000000000001,9.3,0.0,0.0
pic2d_a0_10_t_3um,9.3,9.4,0.0,0.0
pic2d_a0_10_t_3um,9.4,9.5,0.0,0.0
pic2d_a0_10_t_3um,9.5,9.600000000000001,0.0,0.0
pic2d_a0_10_t_3um,9.600000000000001,9.700000000000001,0.0,0.0
pic2d_a0_10_t_3um,9.700000000000001,9.8,0.0,0.0
pic2d_a0_10_t_3um,9.8,9.9,0.0,0.0
pic2d_a0_10_t_3um,9.9,10.0,0.0,0.0
pic2d_a0_10_t_3um,10.0,10.100000000000001,0.0,0.0
pic2d_a0_10_t_3um,10.100000000000001,10.200000000000001,0.0,0.0
pic2d_a0_10_t_3um,10.200000000000001,10.3,0.0,0.0
pic2d_a0_10_t_3um,10.3,10.4,0.0,0.0
pic2d_a0_10_t_3um,10.4,10.5,0.0,0.0
pic2d_a0_10_t_3um,10.5,10.600000000000001,0.0,0.0
pic2d_a0_10_t_3um,10.600000000000001,10.700000000000001,0.0,0.0
pic2d_a0_10_t_3um,10.700000000000001,10.8,0.0,0.0
pic2d_a0_10_t_3um,10.8,10.9,0.0,0.0
pic2d_a0_10_t_3um,10.9,11.0,0.0,0.0
pic2d_a0_10_t_3um,11.0,11.100000000000001,0.0,0.0
pic2d_a0_10_t_3um,11.100000000000001,11.200000000000001,0.0,0.0
pic2d_a0_10_t_3um,11.200000000000001,11.3,0.0,0.0
pic2d_a0_10_t_3um,11.3,11.4,0.0,0.0
pic2d_a0_10_t_3um,11.4,11.5,0.0,0.0
pic2d_a0_10_t_3um,11.5,11.600000000000001,0.0,0.0
pic2d_a0_10_t_3um,11.600000000000001,11.700000000000001,0.0,0.0
pic2d_a0_10_t_3um,11.700000000000001,11.8,0.0,0.0
pic2d_a0_10_t_3um,11.8,11.9,0.0,0.0
pic2d_a0_10_t_3um,11.9,12.0,0.0,0.0
pic2d_a0_15_t_3um,0.0,0.1,0.0,0.0
pic2d_a0_15_t_3um,0.1,0.2,0.0,0.0
pic2d_a0_15_t_3um,0.2,0.30000000000000004,0.0,0.0
pic2d_a0_15_t_3um,0.30000000000000004,0.4,0.0,0.0
pic2d_a0_15_t_3um,0.4,0.5,0.0,0.0
pic2d_a0_15_t_3um,0.5,0.6000000000000001,0.0,0.0
pic2d_a0_15_t_3um,0.6000000000000001,0.7000000000000001,0.0,0.0
pic2d_a0_15_t_3um,0.7000000000000001,0.8,0.0,0.0
pic2d_a0_15_t_3um,0.8,0.9,0.0,0.0
pic2d_a0_15_t_3um,0.9,1.0,0.0,0.0
pic2d_a0_15_t_3um,1.0,1.1,0.0,0.0
pic2d_a0_15_t_3um,1.1,1.2000000000000002,0.0,0.0
pic2d_a0_15_t_3um,1.2000000000000002,1.3,0.0,0.0
pic2d_a0_15_t_3um,1.3,1.4000000000000001,0.0,0.0
pic2d_a0_15_t_3um,1.4000000000000001,1.5,0.0,0.0
pic2d_a0_15_t_3um,1.5,1.6,0.0,0.0
pic2d_a0_15_t_3um,1.6,1.7000000000000002,0.0005240731080547408,0.00039272870557669154
pic2d_a0_15_t_3um,1.7000000000000002,1.8,0.006034389279044199,0.005081932903236838
pic2d_a0_15_t_3um,1.8,1.9000000000000001,0.02421903518824988,0.021675195358345917
pic2d_a0_15_t_3um,1.9000000000000001,2.0,0.04378443592235405,0.04215451593545259
pic2d_a0_15_t_3um,2.0,2.1,0.05291483495629622,0.05356864154267492
pic2d_a0_15_t_3um,2.1,2.2,0.05612713838270284,0.058605316126978
pic2d_a0_15_t_3um,2.2,2.3000000000000003,0.05703767148973225,0.060683041809001685
pic2d_a0_15_t_3um,2.3000000000000003,2.4000000000000004,0.055636557104268194,0.059593707836641786
pic2d_a0_15_t_3um,2.4000000000000004,2.5,0.055712944737753754,0.05964025036399151
pic2d_a0_15_t_3um,2.5,2.6,0.05749685373235773,0.061426129766407156
pic2d_a0_15_t_3um,2.6,2.7,0.05592296203960414,0.058816219984127636
pic2d_a0_15_t_3um,2.7,2.8000000000000003,0.0560958687258328,0.0600793515604708
pic2d_a0_15_t_3um,2.8000000000000003,2.9000000000000004,0.05558281492315712,0.05815033541680022
pic2d_a0_15_t_3um,2.9000000000000004,3.0,0.05440810502097124,0.0559564207204817
pic2d_a0_15_t_3um,3.0,3.1,0.05185571696931786,0.052393809329376644
pic2d_a0_15_t_3um,3.1,3.2,0.05007674084156029,0.049368834707144225
pic2d_a0_15_t_3um,3.2,3.3000000000000003,0.046518259145423096,0.04561598825171942
pic2d_a0_15_t_3um,3.3000000000000003,3.4000000000000004,0.04310482970518064,0.04115049339863031
pic2d_a0_15_t_3um,3.4000000000000004,3.5,0.03729950406914778,0.03351750829983228
pic2d_a0_15_t_3um,3.5,3.6,0.03016054085364551,0.027612036415111608
pic2d_a0_15_t_3um,3.6,3.7,0.02519016747079394,0.02311234448062762
pic2d_a0_15_t_3um,3.7,3.8000000000000003,0.01991907447659678,0.017383502416560986
pic2d_a0_15_t_3um,3.8000000000000003,3.9000000000000004,0.015368393816977322,0.013268873418042254
pic2d_a0_15_t_3um,3.9000000000000004,4.0,0.011948631579304278,0.010892605839845712
pic2d_a0_15_t_3um,4.0,4.1000000000000005,0.009739107328095674,0.007876905711885774
pic2d_a0_15_t_3um,4.1000000000000005,4.2,0.006808925849074646,0.005583474733959739
pic2d_a0_15_t_3um,4.2,4.3,0.004574702741334604,0.003925747232389464
pic2d_a0_15_t_3um,4.3,4.4,0.003446618790520722,0.002895790232063315
pic2d_a0_15_t_3um,4.4,4.5,0.002666714727946422,0.002230065919651222
pic2d_a0_15_t_3um,4.5,4.6000000000000005,0.0015905980695087101,0.001432347220526609
pic2d_a0_15_t_3um,4.6000000000000005,4.7,0.001261679351918353,0.000819303695884015
pic2d_a0_15_t_3um,4.7,4.800000000000001,0.0012060263094508293,0.0008516914471758559
pic2d_a0_15_t_3um,4.800000000000001,4.9,0.0010747102608593864,0.0006867587502732268
pic2d_a0_15_t_3um,4.9,5.0,0.0002680197854143429,0.0002178456493824086
pic2d_a0_15_t_3um,5.0,5.1000000000000005,0.00025697068304412834,0.000372973206368983
pic2d_a0_15_t_3um,5.1000000000000005,5.2,0.0003370173257448366,0.00019699103959255326
pic2d_a0_15_t_3um,5.2,5.300000000000001,0.00020828660323909384,4.586590119297767e-05
pic2d_a0_15_t_3um,5.300000000000001,5.4,0.0002590274285238813,0.00027977474139640677
pic2d_a0_15_t_3um,5.4,5.5,0.00019211480159873047,0.00031002645092154487
pic2d_a0_15_t_3um,5.5,5.6000000000000005,0.0003156327915364443,0.0
pic2d_a0_15_t_3um,5.6000000000000005,5.7,9.210437883937094e-05,7.040623523683206e-05
pic2d_a0_15_t_3um,5.7,5.800000000000001,0.00046879167945661714,0.0003532562964036971
pic2d_a0_15_t_3um,5.800000000000001,5.9,0.0,0.00011906778790406701
pic2d_a0_15_t_3um,5.9,6.0,0.0002506525906957591,0.00012367281693685382
pic2d_a0_15_t_3um,6.0,6.1000000000000005,0.0002013711470003748,9.842901816851773e-05
pic2d_a0_15_t_3um,6.1000000000000005,6.2,0.0,0.0
pic2d_a0_15_t_3um,6.2,6.300000000000001,0.0,0.0
pic2d_a0_15_t_3um,6.300000000000001,6.4,9.232970252413765e-05,7.056828125570901e-05
pic2d_a0_15_t_3um,6.4,6.5,0.0,0.0
pic2d_a0_15_t_3um,6.5,6.6000000000000005,0.0,0.0
pic2d_a0_15_t_3um,6.6000000000000005,6.7,0.00024967955986209824,0.0001875455180197837
pic2d_a0_15_t_3um,6.7,6.800000000000001,0.0,0.0
pic2d_a0_15_t_3um,6.800000000000001,6.9,0.0,0.0
pic2d_a0_15_t_3um,6.9,7.0,0.0001286693155864031,9.657466096926214e-05
pic2d_a0_15_t_3um,7.0,7.1000000000000005,0.00010923058056546274,8.269342823898273e-05
pic2d_a0_15_t_3um,7.1000000000000005,7.2,0.000257060092251271,0.0001929475480098965
pic2d_a0_15_t_3um,7.2,7.300000000000001,0.0,0.0
pic2d_a0_15_t_3um,7.300000000000001,7.4,0.0,0.0
pic2d_a0_15_t_3um,7.4,7.5,0.0,0.0
pic2d_a0_15_t_3um,7.5,7.6000000000000005,0.0001449743423454464,0.00010817572425788839
pic2d_a0_15_t_3um,7.6000000000000005,7.7,0.0,0.0
pic2d_a0_15_t_3um,7.7,7.800000000000001,0.0,0.0
pic2d_a0_15_t_3um,7.800000000000001,7.9,0.0002034354102394915,0.00014971744570619255
pic2d_a0_15_t_3um,7.9,8.0,0.0,0.0
pic2d_a0_15_t_3um,8.0,8.1,0.0,0.00015141669365413408
pic2d_a0_15_t_3um,8.1,8.200000000000001,0.000205828238039376,0.0
pic2d_a0_15_t_3um,8.200000000000001,8.3,0.0,0.0
pic2d_a0_15_t_3um,8.3,8.4,0.0,0.0
pic2d_a0_15_t_3um,8.4,8.5,0.0,0.0
pic2d_a0_15_t_3um,8.5,8.6,0.0,0.00015944169103800448
pic2d_a0_15_t_3um,8.6,8.700000000000001,0.00021713020173981328,0.0
pic2d_a0_15_t_3um,8.700000000000001,8.8,0.00023304637471457232,0.00017074033445672478
pic2d_a0_15_t_3um,8.8,8.9,0.0,0.0
pic2d_a0_15_t_3um,8.9,9.0,0.0,0.0
pic2d_a0_15_t_3um,9.0,9.1,0.0,0.0
pic2d_a0_15_t_3um,9.1,9.200000000000001,0.0,0.0
pic2d_a0_15_t_3um,9.200000000000001,9.3,0.0,0.0
pic2d_a0_15_t_3um,9.3,9.4,0.0,0.0
pic2d_a0_15_t_3um,9.4,9.5,0.0,0.0
pic2d_a0_15_t_3um,9.5,9.600000000000001,0.0,0.0
pic2d_a0_15_t_3um,9.600000000000001,9.700000000000001,0.0,0.0
pic2d_a0_15_t_3um,9.700000000000001,9.8,0.0,0.0
pic2d_a0_15_t_3um,9.8,9.9,0.0,0.0
pic2d_a0_15_t_3um,9.9,10.0,0.0,0.0
pic2d_a0_15_t_3um,10.0,10.100000000000001,0.0,0.0
pic2d_a0_15_t_3um,10.100000000000001,10.200000000000001,0.0,0.0
pic2d_a0_15_t_3um,10.200000000000001,10.3,0.0,0.0
pic2d_a0_15_t_3um,10.3,10.4,0.0,0.0
pic2d_a0_15_t_3um,10.4,10.5,0.0,0.0
pic2d_a0_15_t_3um,10.5,10.600000000000001,0.0,0.0
pic2d_a0_15_t_3um,10.600000000000001,10.700000000000001,0.0,0.0
pic2d_a0_15_t_3um,10.700000000000001,10.8,0.0,0.0
pic2d_a0_15_t_3um,10.8,10.9,0.0,0.0
pic2d_a0_15_t_3um,10.9,11.0,0.0,0.0
pic2d_a0_15_t_3um,11.0,11.100000000000001,0.0,0.0
pic2d_a0_15_t_3um,11.100000000000001,11.200000000000001,0.0,0.0
pic2d_a0_15_t_3um,11.200000000000001,11.3,0.0,0.0
pic2d_a0_15_t_3um,11.3,11.4,0.0,0.0
pic2d_a0_15_t_3um,11.4,11.5,0.0,0.0
pic2d_a0_15_t_3um,11.5,11.600000000000001,0.0,0.0
pic2d_a0_15_t_3um,11.600000000000001,11.700000000000001,0.0,0.0
pic2d_a0_15_t_3um,11.700000000000001,11.8,0.0,0.0
pic2d_a0_15_t_3um,11.8,11.9,0.0,0.0
pic2d_a0_15_t_3um,11.9,12.0,0.0,0.0
pic2d_a0_20_t_3um,0.0,0.1,0.0,0.0
pic2d_a0_20_t_3um,0.1,0.2,0.0,0.0
pic2d_a0_20_t_3um,0.2,0.30000000000000004,0.0,0.0
pic2d_a0_20_t_3um,0.30000000000000004,0.4,0.0,0.0
pic2d_a0_20_t_3um,0.4,0.5,0.0,0.0
pic2d_a0_20_t_3um,0.5,0.6000000000000001,0.0,0.0
pic2d_a0_20_t_3um,0.6000000000000001,0.7000000000000001,0.0,0.0
pic2d_a0_20_t_3um,0.7000000000000001,0.8,0.0,0.0
pic2d_a0_20_t_3um,0.8,0.9,0.0,0.0
pic2d_a0_20_t_3um,0.9,1.0,0.0,0.0
pic2d_a0_20_t_3um,1.0,1.1,0.0,0.0
pic2d_a0_20_t_3um,1.1,1.2000000000000002,0.0,0.0
pic2d_a0_20_t_3um,1.2000000000000002,1.3,0.0,0.0
pic2d_a0_20_t_3um,1.3,1.4000000000000001,0.0,0.0
pic2d_a0_20_t_3um,1.4000000000000001,1.5,0.0,0.0
pic2d_a0_20_t_3um,1.5,1.6,0.0,0.0
pic2d_a0_20_t_3um,1.6,1.7000000000000002,0.0029498827349399774,0.002417947176628208
pic2d_a0_20_t_3um,1.7000000000000002,1.8,0.010871487871076444,0.009558291653510293
pic2d_a0_20_t_3um,1.8,1.9000000000000001,0.027279746525833287,0.025554342671764468
pic2d_a0_20_t_3um,1.9000000000000001,2.0,0.03969409181676627,0.039264182689527534
pic2d_a0_20_t_3um,2.0,2.1,0.04605561416365484,0.04750636522058673
pic2d_a0_20_t_3um,2.1,2.2,0.04599214751331666,0.04949402377072572
pic2d_a0_20_t_3um,2.2,2.3000000000000003,0.0460035244377196,0.050107639419840574
pic2d_a0_20_t_3um,2.3000000000000003,2.4000000000000004,0.047153894585226175,0.051783437990417215
pic2d_a0_20_t_3um,2.4000000000000004,2.5,0.04820761984169151,0.05229393493490376
pic2d_a0_20_t_3um,2.5,2.6,0.046824702552659914,0.05120715031228302
pic2d_a0_20_t_3um,2.6,2.7,0.04789843608084878,0.05130374934178755
pic2d_a0_20_t_3um,2.7,2.8000000000000003,0.04684502928959875,0.0501217312484355
pic2d_a0_20_t_3um,2.8000000000000003,2.9000000000000004,0.046069172608518685,0.049588285582616944
pic2d_a0_20_t_3um,2.9000000000000004,3.0,0.04578379561304065,0.049517016715470305
pic2d_a0_20_t_3um,3.0,3.1,0.046688748941716346,0.04748244216995167
pic2d_a0_20_t_3um,3.1,3.2,0.04303553859878173,0.043362102421664474
pic2d_a0_20_t_3um,3.2,3.3000000000000003,0.04001669227211459,0.040691073098154965
pic2d_a0_20_t_3um,3.3000000000000003,3.4000000000000004,0.03771478633970579,0.03643612263924157
pic2d_a0_20_t_3um,3.4000000000000004,3.5,0.033264378871091356,0.03281408047854868
pic2d_a0_20_t_3um,3.5,3.6,0.029865799796027978,0.02841962008924591
pic2d_a0_20_t_3um,3.6,3.7,0.02673991610474187,0.025098312640608283
pic2d_a0_20_t_3um,3.7,3.8000000000000003,0.023368685699845376,0.021456849748807853
pic2d_a0_20_t_3um,3.8000000000000003,3.9000000000000004,0.019220434637271192,0.016992921509645285
pic2d_a0_20_t_3um,3.9000000000000004,4.0,0.017279808385306503,0.015694278646478876
pic2d_a0_20_t_3um,4.0,4.1000000000000005,0.01369656413621201,0.012319561295143455
pic2d_a0_20_t_3um,4.1000000000000005,4.2,0.012674912433976747,0.011199796562408368
pic2d_a0_20_t_3um,4.2,4.3,0.010499966940052445,0.009113126010336339
pic2d_a0_20_t_3um,4.3,4.4,0.008481033671182418,0.007439795030717039
pic2d_a0_20_t_3um,4.4,4.5,0.008346717642245864,0.006623591226195541
pic2d_a0_20_t_3um,4.5,4.6000000000000005,0.006508722276681511,0.005998675431084187
pic2d_a0_20_t_3um,4.6000000000000005,4.7,0.005871247051393843,0.005233264019748104
pic2d_a0_20_t_3um,4.7,4.800000000000001,0.006696636769988289,0.005506341115965752
pic2d_a0_20_t_3um,4.800000000000001,4.9,0.004418940795558528,0.0035506458793883615
pic2d_a0_20_t_3um,4.9,5.0,0.004103548975402542,0.0029979699353564256
pic2d_a0_20_t_3um,5.0,5.1000000000000005,0.003380998589596944,0.002622250617407992
pic2d_a0_20_t_3um,5.1000000000000005,5.2,0.0035417101595388548,0.002282113405654277
pic2d_a0_20_t_3um,5.2,5.300000000000001,0.002390335524748341,0.0027835209385506823
pic2d_a0_20_t_3um,5.300000000000001,5.4,0.0028477977945417744,0.002075655733669281
pic2d_a0_20_t_3um,5.4,5.5,0.0023826236826087126,0.0026013909280808056
pic2d_a0_20_t_3um,5.5,5.6000000000000005,0.00320528247500653,0.0014734242950041974
pic2d_a0_20_t_3um,5.6000000000000005,5.7,0.0017015254459278636,0.0014911666890220858
pic2d_a0_20_t_3um,5.7,5.800000000000001,0.001254884470479154,0.0008809942541998187
pic2d_a0_20_t_3um,5.800000000000001,5.9,0.0016144769302938564,0.0010953519687290606
pic2d_a0_20_t_3um,5.9,6.0,0.001609347647003162,0.0013188277069840124
pic2d_a0_20_t_3um,6.0,6.1000000000000005,0.0007978359891552119,0.0005395571951135654
pic2d_a0_20_t_3um,6.1000000000000005,6.2,0.001014392766066441,0.0007120927169151287
pic2d_a0_20_t_3um,6.2,6.300000000000001,0.0007371044294823342,0.0006747844890898808
pic2d_a0_20_t_3um,6.300000000000001,6.4,0.0015326718427440312,0.0016951653852070765
pic2d_a0_20_t_3um,6.4,6.5,0.0011755596589852035,0.0006045368508283039
pic2d_a0_20_t_3um,6.5,6.6000000000000005,0.0007524915133625165,0.0006071983355547381
pic2d_a0_20_t_3um,6.6000000000000005,6.7,0.0013356476846312004,0.0009830258062422667
pic2d_a0_20_t_3um,6.7,6.800000000000001,0.001074215280805715,0.0008903019815138148
pic2d_a0_20_t_3um,6.800000000000001,6.9,0.0008051362973905906,0.0005065455083775106
pic2d_a0_20_t_3um,6.9,7.0,0.0006065914834298015,0.0007549773076511072
pic2d_a0_20_t_3um,7.0,7.1000000000000005,0.0012272269162418546,0.0006811558924234213
pic2d_a0_20_t_3um,7.1000000000000005,7.2,0.0004599900994972266,0.0005949980059783532
pic2d_a0_20_t_3um,7.2,7.300000000000001,0.0009546802874972506,0.0006864603980985244
pic2d_a0_20_t_3um,7.300000000000001,7.4,0.0002520074494041172,0.00017217829429202688
pic2d_a0_20_t_3um,7.4,7.5,0.0009031112618335072,0.0007879512599475707
pic2d_a0_20_t_3um,7.5,7.6000000000000005,0.0010423913738293773,0.000983256545461757
pic2d_a0_20_t_3um,7.6000000000000005,7.7,0.0009427672534189697,0.0005193764288452321
pic2d_a0_20_t_3um,7.7,7.800000000000001,0.0006840827616962606,0.00016108033173914055
pic2d_a0_20_t_3um,7.800000000000001,7.9,0.0005235242403127196,0.0004139079684746906
pic2d_a0_20_t_3um,7.9,8.0,0.0005801244660391794,0.00045453696062875413
pic2d_a0_20_t_3um,8.0,8.1,0.0007560223482121367,0.0008991496958821096
pic2d_a0_20_t_3um,8.1,8.200000000000001,0.001001021852789914,0.0006711469894041872
pic2d_a0_20_t_3um,8.200000000000001,8.3,0.0005834580510612972,0.0002604903166848327
pic2d_a0_20_t_3um,8.3,8.4,0.0006240298722687869,0.0004884721432084865
pic2d_a0_20_t_3um,8.4,8.5,0.0,0.0
pic2d_a0_20_t_3um,8.5,8.6,0.00037774733456246345,0.0004928510763223333
pic2d_a0_20_t_3um,8.6,8.700000000000001,0.0005040148988080196,0.0005009469250098514
pic2d_a0_20_t_3um,8.700000000000001,8.8,0.00038833424139048404,0.00016534070077341568
pic2d_a0_20_t_3um,8.8,8.9,0.0011937917175182382,0.0007665886555151863
pic2d_a0_20_t_3um,8.9,9.0,0.0005040148988080196,0.0005899539272769438
pic2d_a0_20_t_3um,9.0,9.1,0.0005040148988080196,0.00019665130909240664
pic2d_a0_20_t_3um,9.1,9.200000000000001,0.0,0.0
pic2d_a0_20_t_3um,9.200000000000001,9.3,0.0001592047890678233,0.00044481922392119875
pic2d_a0_20_t_3um,9.3,9.4,0.0009124862464981171,0.0003933026181846752
pic2d_a0_20_t_3um,9.4,9.5,0.000500721221153318,0.0003907440263970334
pic2d_a0_20_t_3um,9.5,9.600000000000001,0.00018796193160483806,0.00014715723683030022
pic2d_a0_20_t_3um,9.600000000000001,9.700000000000001,0.0002520074494039023,0.00019665130909226854
pic2d_a0_20_t_3um,9.700000000000001,9.8,0.0,0.0
pic2d_a0_20_t_3um,9.8,9.9,0.0002520074494041172,0.00019665130909240664
pic2d_a0_20_t_3um,9.9,10.0,0.0,0.00017315800189085946
pic2d_a0_20_t_3um,10.0,10.100000000000001,0.00022169731558749714,0.0
pic2d_a0_20_t_3um,10.100000000000001,10.200000000000001,0.0,0.0
pic2d_a0_20_t_3um,10.200000000000001,10.3,0.00022356045598652448,0.00017459865207913912
pic2d_a0_20_t_3um,10.3,10.4,0.0007560223482121367,0.0005899539272769438
pic2d_a0_20_t_3um,10.4,10.5,0.0,0.0
pic2d_a0_20_t_3um,10.5,10.600000000000001,0.0,0.0
pic2d_a0_20_t_3um,10.600000000000001,10.700000000000001,0.0004377196371047412,0.00034208061896847346
pic2d_a0_20_t_3um,10.700000000000001,10.8,0.000473510013506725,0.0003696587488886602
pic2d_a0_20_t_3um,10.8,10.9,0.00022184458205692253,0.0001732718567834114
pic2d_a0_20_t_3um,10.9,11.0,0.0005040148988080196,0.0003933026181846752
pic2d_a0_20_t_3um,11.0,11.100000000000001,0.0,0.0
pic2d_a0_20_t_3um,11.100000000000001,11.200000000000001,0.0,0.0
pic2d_a0_20_t_3um,11.200000000000001,11.3,0.0,0.0
pic2d_a0_20_t_3um,11.3,11.4,0.0,0.0
pic2d_a0_20_t_3um,11.4,11.5,0.0002520074494041172,0.00019665130909226854
pic2d_a0_20_t_3um,11.5,11.600000000000001,0.0,0.0
pic2d_a0_20_t_3um,11.600000000000001,11.700000000000001,0.0,0.0
pic2d_a0_20_t_3um,11.700000000000001,11.8,0.0,0.0
pic2d_a0_20_t_3um,11.8,11.9,0.0002520074494039023,0.00019665130909240664
pic2d_a0_20_t_3um,11.9,12.0,0.0,0.0
pic2d_a0_10_t_4um,0.0,0.1,0.0,0.0
pic2d_a0_10_t_4um,0.1,0.2,0.0,0.0
pic2d_a0_10_t_4um,0.2,0.30000000000000004,0.0,0.0
pic2d_a0_10_t_4um,0.30000000000000004,0.4,0.0,0.0
pic2d_a0_10_t_4um,0.4,0.5,0.0,0.0
pic2d_a0_10_t_4um,0.5,0.6000000000000001,0.0,0.0
pic2d_a0_10_t_4um,0.6000000000000001,0.7000000000000001,0.0,0.0
pic2d_a0_10_t_4um,0.7000000000000001,0.8,0.0,0.0
pic2d_a0_10_t_4um,0.8,0.9,0.0,0.0
pic2d_a0_10_t_4um,0.9,1.0,0.0,0.0
pic2d_a0_10_t_4um,1.0,1.1,0.0,0.0
pic2d_a0_10_t_4um,1.1,1.2000000000000002,0.0,0.0
pic2d_a0_10_t_4um,1.2000000000000002,1.3,0.0,0.0
pic2d_a0_10_t_4um,1.3,1.4000000000000001,0.0,0.0
pic2d_a0_10_t_4um,1.4000000000000001,1.5,0.0,0.0
pic2d_a0_10_t_4um,1.5,1.6,0.0,0.0
pic2d_a0_10_t_4um,1.6,1.7000000000000002,0.00032319091969906766,0.00027190314161301053
pic2d_a0_10_t_4um,1.7000000000000002,1.8,0.009234245949936394,0.008162001501201693
pic2d_a0_10_t_4um,1.8,1.9000000000000001,0.029370376724932718,0.02712765280639014
pic2d_a0_10_t_4um,1.9000000000000001,2.0,0.0439339810678017,0.042714042925796086
pic2d_a0_10_t_4um,2.0,2.1,0.05053722386374645,0.05118503828804325
pic2d_a0_10_t_4um,2.1,2.2,0.0525327643131451,0.05468803983697303
pic2d_a0_10_t_4um,2.2,2.3000000000000003,0.05140452228736377,0.05460519220321071
pic2d_a0_10_t_4um,2.3000000000000003,2.4000000000000004,0.0519791516927023,0.055255393295785896
pic2d_a0_10_t_4um,2.4000000000000004,2.5,0.05176364793670367,0.05467310075605344
pic2d_a0_10_t_4um,2.5,2.6,0.05182073034594592,0.05470401540101494
pic2d_a0_10_t_4um,2.6,2.7,0.05142013053219265,0.05497509706698066
pic2d_a0_10_t_4um,2.7,2.8000000000000003,0.05207670790563922,0.055307383035515
pic2d_a0_10_t_4um,2.8000000000000003,2.9000000000000004,0.051974398262517894,0.053951837083597354
pic2d_a0_10_t_4um,2.9000000000000004,3.0,0.050929988519686366,0.05261583163376034
pic2d_a0_10_t_4um,3.0,3.1,0.049548702257598616,0.04995201379568533
pic2d_a0_10_t_4um,3.1,3.2,0.04737435642967082,0.047867445677701195
pic2d_a0_10_t_4um,3.2,3.3000000000000003,0.04645277198829813,0.045203171530054695
pic2d_a0_10_t_4um,3.3000000000000003,3.4000000000000004,0.04202490364435274,0.040480000713683975
pic2d_a0_10_t_4um,3.4000000000000004,3.5,0.038333961820110195,0.03631334146098037
pic2d_a0_10_t_4um,3.5,3.6,0.034112937008917266,0.03206242756485135
pic2d_a0_10_t_4um,3.6,3.7,0.030114926748326446,0.027886013015817
pic2d_a0_10_t_4um,3.7,3.8000000000000003,0.025769676047722356,0.023770070714300463
pic2d_a0_10_t_4um,3.8000000000000003,3.9000000000000004,0.02120902366753966,0.018626133988970877
pic2d_a0_10_t_4um,3.9000000000000004,4.0,0.017017960534131366,0.01539051489445285
pic2d_a0_10_t_4um,4.0,4.1000000000000005,0.013051901226178154,0.01165561864158446
pic2d_a0_10_t_4um,4.1000000000000005,4.2,0.010316812719474485,0.00902080665098117
pic2d_a0_10_t_4um,4.2,4.3,0.00804502733789718,0.006821893631429801
pic2d_a0_10_t_4um,4.3,4.4,0.006005163870591333,0.005273836522123262
pic2d_a0_10_t_4um,4.4,4.5,0.003953151169651675,0.0032815684746390454
pic2d_a0_10_t_4um,4.5,4.6000000000000005,0.0026206231830793666,0.002293959639007985
pic2d_a0_10_t_4um,4.6000000000000005,4.7,0.0019159402641801223,0.0015109274808163483
pic2d_a0_10_t_4um,4.7,4.800000000000001,0.0010375819379061415,0.0008523767381993191
pic2d_a0_10_t_4um,4.800000000000001,4.9,0.000790387728407262,0.0007081669966447937
pic2d_a0_10_t_4um,4.9,5.0,0.0005222221864675498,0.0003927423855132712
pic2d_a0_10_t_4um,5.0,5.1000000000000005,0.00027152220401488214,0.00022841191437560017
pic2d_a0_10_t_4um,5.1000000000000005,5.2,0.0001201237243088499,9.553195624731713e-05
pic2d_a0_10_t_4um,5.2,5.300000000000001,6.90131054795252e-05,5.955578671143828e-05
pic2d_a0_10_t_4um,5.300000000000001,5.4,0.0,1.6940849289575312e-05
pic2d_a0_10_t_4um,5.4,5.5,2.0248873678680475e-05,0.0
pic2d_a0_10_t_4um,5.5,5.6000000000000005,0.0,0.0
pic2d_a0_10_t_4um,5.6000000000000005,5.7,0.0,0.0
pic2d_a0_10_t_4um,5.7,5.800000000000001,0.0,0.0
pic2d_a0_10_t_4um,5.800000000000001,5.9,0.0,0.0
pic2d_a0_10_t_4um,5.9,6.0,0.0,0.0
pic2d_a0_10_t_4um,6.0,6.1000000000000005,0.0,0.0
pic2d_a0_10_t_4um,6.1000000000000005,6.2,0.0,0.0
pic2d_a0_10_t_4um,6.2,6.300000000000001,0.0,0.0
pic2d_a0_10_t_4um,6.300000000000001,6.4,0.0,0.0
pic2d_a0_10_t_4um,6.4,6.5,0.0,0.0
pic2d_a0_10_t_4um,6.5,6.6000000000000005,0.0,0.0
pic2d_a0_10_t_4um,6.6000000000000005,6.7,0.0,0.0
pic2d_a0_10_t_4um,6.7,6.800000000000001,0.0,0.0
pic2d_a0_10_t_4um,6.800000000000001,6.9,0.0,0.0
pic2d_a0_10_t_4um,6.9,7.0,0.0,0.0
pic2d_a0_10_t_4um,7.0,7.1000000000000005,0.0,0.0
pic2d_a0_10_t_4um,7.1000000000000005,7.2,0.0,0.0
pic2d_a0_10_t_4um,7.2,7.300000000000001,0.0,0.0
pic2d_a0_10_t_4um,7.300000000000001,7.4,0.0,0.0
pic2d_a0_10_t_4um,7.4,7.5,0.0,0.0
pic2d_a0_10_t_4um,7.5,7.6000000000000005,0.0,0.0
pic2d_a0_10_t_4um,7.6000000000000005,7.7,0.0,0.0
pic2d_a0_10_t_4um,7.7,7.800000000000001,0.0,0.0
pic2d_a0_10_t_4um,7.800000000000001,7.9,0.0,0.0
pic2d_a0_10_t_4um,7.9,8.0,0.0,0.0
pic2d_a0_10_t_4um,8.0,8.1,0.0,0.0
pic2d_a0_10_t_4um,8.1,8.200000000000001,0.0,0.0
pic2d_a0_10_t_4um,8.200000000000001,8.3,0.0,0.0
pic2d_a0_10_t_4um,8.3,8.4,0.0,0.0
pic2d_a0_10_t_4um,8.4,8.5,0.0,0.0
pic2d_a0_10_t_4um,8.5,8.6,0.0,0.0
pic2d_a0_10_t_4um,8.6,8.700000000000001,0.0,0.0
pic2d_a0_10_t_4um,8.700000000000001,8.8,0.0,0.0
pic2d_a0_10_t_4um,8.8,8.9,0.0,0.0
pic2d_a0_10_t_4um,8.9,9.0,0.0,0.0
pic2d_a0_10_t_4um,9.0,9.1,0.0,0.0
pic2d_a0_10_t_4um,9.1,9.200000000000001,0.0,0.0
pic2d_a0_10_t_4um,9.200000000000001,9.3,0.0,0.0
pic2d_a0_10_t_4um,9.3,9.4,0.0,0.0
pic2d_a0_10_t_4um,9.4,9.5,0.0,0.0
pic2d_a0_10_t_4um,9.5,9.600000000000001,0.0,0.0
pic2d_a0_10_t_4um,9.600000000000001,9.700000000000001,0.0,0.0
pic2d_a0_10_t_4um,9.700000000000001,9.8,0.0,0.0
pic2d_a0_10_t_4um,9.8,9.9,0.0,0.0
pic2d_a0_10_t_4um,9.9,10.0,0.0,0.0
pic2d_a0_10_t_4um,10.0,10.100000000000001,0.0,0.0
pic2d_a0_10_t_4um,10.100000000000001,10.200000000000001,0.0,0.0
pic2d_a0_10_t_4um,10.200000000000001,10.3,0.0,0.0
pic2d_a0_10_t_4um,10.3,10.4,0.0,0.0
pic2d_a0_10_t_4um,10.4,10.5,0.0,0.0
pic2d_a0_10_t_4um,10.5,10.600000000000001,0.0,0.0
pic2d_a0_10_t_4um,10.600000000000001,10.700000000000001,0.0,0.0
pic2d_a0_10_t_4um,10.700000000000001,10.8,0.0,0.0
pic2d_a0_10_t_4um,10.8,10.9,0.0,0.0
pic2d_a0_10_t_4um,10.9,11.0,0.0,0.0
pic2d_a0_10_t_4um,11.0,11.100000000000001,0.0,0.0
pic2d_a0_10_t_4um,11.100000000000001,11.200000000000001,0.0,0.0
pic2d_a0_10_t_4um,11.200000000000001,11.3,0.0,0.0
pic2d_a0_10_t_4um,11.3,11.4,0.0,0.0
pic2d_a0_10_t_4um,11.4,11.5,0.0,0.0
pic2d_a0_10_t_4um,11.5,11.600000000000001,0.0,0.0
pic2d_a0_10_t_4um,11.600000000000001,11.700000000000001,0.0,0.0
pic2d_a0_10_t_4um,11.700000000000001,11.8,0.0,0.0
pic2d_a0_10_t_4um,11.8,11.9,0.0,0.0
pic2d_a0_10_t_4um,11.9,12.0,0.0,0.0
